{
  "7703004208": [
    1774159310.590993
  ],
  "1297891157": [
    1774267495.62838
  ]
}