{
  "7703004208": [
    1783596948.3334303
  ],
  "1297891157": [
    1774267495.62838
  ]
}